key,status,registry_price,live_price,drift,url,note
"flightscope-mevo","NO_PRICE","See price in cart","","","https://www.amazon.com/dp/B07L52KP31?linkId=97d6d30c4e5b1141ef6356aa48fab218&linkCode=ll2&tag=cubicalgolfer-20&language=en_US&ref_=as_li_ss_tl","no price in the buy box (variant-select pages land here too — eyeball before acting)"
"precision-pro-nx9-hd","OK","~$199","$199.98","+0%","https://www.amazon.com/dp/B0B9DLL9X9?&linkCode=ll2&tag=cubicalgolfer-20&linkId=fa4468225963d0d9b01bc2a621d23007&language=en_US&ref_=as_li_ss_tl",""
"blue-tees-series-3-max","OK","~$199","$199.98","+0%","https://www.amazon.com/dp/B09DLJ37TW?linkCode=ll1&tag=cubicalgolfer-20&language=en_US&ref_=as_li_ss_tl",""
"garmin-approach-z82","OK","~$578","$549.35","-5%","https://www.amazon.com/dp/B085T56B2X?&linkCode=ll2&tag=cubicalgolfer-20&linkId=fdcfca3305996c6d7b9833f63aae27b5&language=en_US&ref_=as_li_ss_tl",""
"bushnell-pro-xe","NO_PRICE","~$499","","","https://www.amazon.com/Bushnell-Pro-Golf-Laser-Rangefinder/dp/B07NYVC7SC?crid=88S17KL0OL28&dib_tag=se&keywords=Bushnell%2BPro%2BXE&qid=1785681998&sprefix=bushnell%2Bpro%2Bxe%2Caps%2C148&sr=8-1&linkCode=ll2&tag=cubicalgolfer-20&linkId=11a4b5da78c7cd4d66b38da92be6411b&language=en_US&ref_=as_li_ss_tl","no price in the buy box (variant-select pages land here too — eyeball before acting)"
"garmin-approach-s44","OK","~$289","$299.99","+4%","https://www.amazon.com/dp/B0DRZ1WN36?linkCode=ll1&tag=cubicalgolfer-20&language=en_US&ref_=as_li_ss_tl",""
"garmin-approach-s42","NO_PRICE","~$299","","","https://www.amazon.com/Garmin-Smartwatch-Lightweight-Touchscreen-010-02572-10/dp/B08X167FJG?linkCode=ll1&tag=cubicalgolfer-20&language=en_US&ref_=as_li_ss_tl","no price in the buy box (variant-select pages land here too — eyeball before acting)"
"shot-scope-v5","DRIFT","~$210","$249.99","+19%","https://www.amazon.com/dp/B0CYT7RJ54?th=1&linkCode=ll2&tag=cubicalgolfer-20&linkId=2f1753fb9db3dd87683135e4bf6bb7e0&language=en_US&ref_=as_li_ss_tl","registry says ~$210, listing says $249.99"
"callaway-paradym-ai-smoke-max","OK","~$399","$399.99","+0%","https://www.amazon.com/Callaway-Paradym-Degrees-Regular-Standard/dp/B0FVB2B895?linkCode=ll1&tag=cubicalgolfer-20&language=en_US&ref_=as_li_ss_tl",""
"taylormade-qi35-max","OK","$449.98","$449.98","+0%","https://www.amazon.com/dp/B0DNRMSBWX?linkCode=ll1&tag=cubicalgolfer-20&language=en_US&ref_=as_li_ss_tl",""
"garmin-approach-z30","OK","$449.99","$449.99","+0%","https://www.amazon.com/dp/B0D79MK21G?&linkCode=ll2&tag=cubicalgolfer-20&language=en_US&ref_=as_li_ss_tl",""
"spornia-spg-8-xl","OK","$499.99","$499.99","+0%","https://www.amazon.com/dp/B0HJ7229SG?&linkCode=ll2&tag=cubicalgolfer-20&language=en_US&ref_=as_li_ss_tl",""
"pxg-0311xp-gen8-irons","OK","$1,603.00","$1,603.00","+0%","https://www.amazon.com/dp/B0HDK8CHDK?&linkCode=ll2&tag=cubicalgolfer-20&language=en_US&ref_=as_li_ss_tl",""
"tour-edge-exotics-cb-forged-irons","OK","$1,199.95","$1,199.95","+0%","https://www.amazon.com/dp/B07Q9JT4XB?&linkCode=ll2&tag=cubicalgolfer-20&language=en_US&ref_=as_li_ss_tl",""
"pxg-lightning-max-10k-driver","OK","$449.00","$449.00","+0%","https://www.amazon.com/dp/B0HDK8KLV4?&linkCode=ll2&tag=cubicalgolfer-20&language=en_US&ref_=as_li_ss_tl",""
"odyssey-s2s-ai-dual-putter","OK","$399.99","$399.99","+0%","https://www.amazon.com/dp/B0FQ68NC53?&linkCode=ll2&tag=cubicalgolfer-20&language=en_US&ref_=as_li_ss_tl",""
"izzo-high-roller-travel-cover","OK","$222.18","$218.95","-1%","https://www.amazon.com/dp/B0C3N8R2ZL?&linkCode=ll2&tag=cubicalgolfer-20&language=en_US&ref_=as_li_ss_tl",""
"big-max-blade-ip-2-cart","OK","$399.00","$399.00","+0%","https://www.amazon.com/dp/B0GDM4X6Q2?&linkCode=ll2&tag=cubicalgolfer-20&language=en_US&ref_=as_li_ss_tl",""
"abacus-bounce-waterproof-hoodie","OK","$330.00","$330.00","+0%","https://www.amazon.com/dp/B0BXMR27MT?&linkCode=ll2&tag=cubicalgolfer-20&language=en_US&ref_=as_li_ss_tl",""
"mileseey-genesonic-pro-speaker","OK","$299.99","$299.99","+0%","https://www.amazon.com/dp/B0G7BCJYXJ?&linkCode=ll2&tag=cubicalgolfer-20&language=en_US&ref_=as_li_ss_tl",""
"pinned-sound-stick-pro-speaker","OK","$199.99","$199.99","+0%","https://www.amazon.com/dp/B0H4P6Q9T4?&linkCode=ll2&tag=cubicalgolfer-20&language=en_US&ref_=as_li_ss_tl",""
"alphard-cybercart-push-plus","DRIFT","$199.00","$169.90","-15%","https://www.amazon.com/dp/B0G4DD97GN?&linkCode=ll2&tag=cubicalgolfer-20&language=en_US&ref_=as_li_ss_tl","registry says $199.00, listing says $169.90"
"motocaddy-qb2-push-cart","OK","$199.00","$199.00","+0%","https://www.amazon.com/dp/B0F4Q4WH32?&linkCode=ll2&tag=cubicalgolfer-20&language=en_US&ref_=as_li_ss_tl",""
"feetures-elite-golf-max-cushion-socks","DRIFT","$54.15","$18.05","-67%","https://www.amazon.com/dp/B0FP6NXT39?&linkCode=ll2&tag=cubicalgolfer-20&language=en_US&ref_=as_li_ss_tl","registry says $54.15, listing says $18.05"
"divot-board-mini","OK","$49.99","$49.99","+0%","https://www.amazon.com/dp/B0FVMV3ZH2?&linkCode=ll2&tag=cubicalgolfer-20&language=en_US&ref_=as_li_ss_tl",""
"pxg-players-glove","OK","$24.00","$24.00","+0%","https://www.amazon.com/dp/B0BT8DRSY8?&linkCode=ll2&tag=cubicalgolfer-20&language=en_US&ref_=as_li_ss_tl",""
"mgi-e-boost-cart","OK","$595.00","$595.00","+0%","https://www.amazon.com/dp/B0GTSCYKQM?&linkCode=ll2&tag=cubicalgolfer-20&language=en_US&ref_=as_li_ss_tl",""
"arccos-air-sensors","DRIFT","$326.38","$265.99","-19%","https://www.amazon.com/dp/B0GK29YQFT?&linkCode=ll2&tag=cubicalgolfer-20&language=en_US&ref_=as_li_ss_tl","registry says $326.38, listing says $265.99"
"sun-mountain-speed-cart-x","OK","$299.99","$299.99","+0%","https://www.amazon.com/dp/B0GQCDNB1X?&linkCode=ll2&tag=cubicalgolfer-20&language=en_US&ref_=as_li_ss_tl",""
"travismathew-nuage-mega-shoes","NO_PRICE","$199.99","","","https://www.amazon.com/dp/B0FLZ8ZZQS?&linkCode=ll2&tag=cubicalgolfer-20&language=en_US&ref_=as_li_ss_tl","no price in the buy box (variant-select pages land here too — eyeball before acting)"
"cobra-ds-adapt-max-k","OK","~$299","$299.00","+0%","https://www.amazon.com/dp/B0DC88GLHK?&linkCode=ll2&tag=cubicalgolfer-20&language=en_US&ref_=as_li_ss_tl",""
"cobra-aerojet-max","NO_PRICE","~$399","","","https://www.amazon.com/Cobra-Golf-D7615LGR105A-Aerojet-Driver/dp/B0BJ4TQN5G?crid=20LUVHF17H85X&dib_tag=se&keywords=Cobra%2BAerojet%2BMax%2BDriver&qid=1785683075&sprefix=cobra%2Baerojet%2Bmax%2Bdriver%2Caps%2C329&sr=8-1&th=1&linkCode=ll2&tag=cubicalgolfer-20&linkId=f8048f262070d2bb900a413149c7465b&language=en_US&ref_=as_li_ss_tl","no price in the buy box (variant-select pages land here too — eyeball before acting)"
"titleist-pro-v1","OK","~$58/dozen","$57.99","-0%","https://www.amazon.com/dp/B0DPN6VNK1?linkId=a1b9f83335c538286346ca2aeddba41c&linkCode=ll2&tag=cubicalgolfer-20&language=en_US&ref_=as_li_ss_tl",""
"callaway-chrome-tour-2026","OK","$57.99/dz","$57.99","+0%","https://www.amazon.com/dp/B0FX3CZ31B?linkCode=ll1&tag=cubicalgolfer-20&language=en_US&ref_=as_li_ss_tl",""
"taylormade-tp5","DRIFT","$57.97/dz","$46.49","-20%","https://www.amazon.com/dp/B0FS8VD4NN?linkCode=ll1&tag=cubicalgolfer-20&language=en_US&ref_=as_li_ss_tl","registry says $57.97/dz, listing says $46.49"
"srixon-soft-feel","OK","~$25/dozen","$24.99","-0%","https://www.amazon.com/dp/B0DSJN58C2?linkCode=ll1&tag=cubicalgolfer-20&language=en_US&ref_=as_li_ss_tl",""
"vice-pro","OK","~$39/dozen","$38.97","-0%","https://www.amazon.com/dp/B089W9G9ZW?linkId=6672ead0a166fdcbf5a1fb75bcb90607&linkCode=ll2&tag=cubicalgolfer-20&language=en_US&ref_=as_li_ss_tl",""
"callaway-supersoft","OK","~$27/dozen","$26.97","-0%","https://www.amazon.com/dp/B0DHT5XZR1?linkCode=ll1&tag=cubicalgolfer-20&language=en_US&ref_=as_li_ss_tl",""
"wilson-d9-irons","OK","~$900","$899.99","-0%","https://www.amazon.com/dp/B09YP7XWK8?linkId=91f2e0310092a657cea545fbfadf82e9&linkCode=ll2&tag=cubicalgolfer-20&language=en_US&ref_=as_li_ss_tl",""
"tour-edge-hot-launch-c522-irons","NO_PRICE","$349.99","","","https://www.amazon.com/dp/B07NTJ8G7Z?linkCode=ll1&tag=cubicalgolfer-20&language=en_US&ref_=as_li_ss_tl","no price in the buy box (variant-select pages land here too — eyeball before acting)"
"cobra-air-x-irons","OK","$419.99","$429.99","+2%","https://www.amazon.com/dp/B0C59YXLGP?linkCode=ll1&tag=cubicalgolfer-20&language=en_US&ref_=as_li_ss_tl",""
"cobra-air-x-2-irons","OK","$498.78","$499.99","+0%","https://www.amazon.com/dp/B0CH1SRVMT?linkCode=ll1&tag=cubicalgolfer-20&language=en_US&ref_=as_li_ss_tl",""
"wilson-profile-sgi","OK","~$450","$449.99","-0%","https://www.amazon.com/dp/B07HN4LLQN?linkCode=ll1&tag=cubicalgolfer-20&language=en_US&ref_=as_li_ss_tl",""
"callaway-strata","OK","~$481","$489.99","+2%","https://www.amazon.com/dp/B07H2HQJR5?linkCode=ll1&tag=cubicalgolfer-20&language=en_US&ref_=as_li_ss_tl",""
"footjoy-weathersof-glove","NO_PRICE","~$22","","","https://www.amazon.com/FootJoy-Mens-WeatherSof-Glove-White/dp/B09HCM416D?linkCode=ll1&tag=cubicalgolfer-20&language=en_US&ref_=as_li_ss_tl","no price in the buy box (variant-select pages land here too — eyeball before acting)"
"titleist-players-flex","OK","~$28","$28.00","+0%","https://www.amazon.com/dp/B07WMYL727?linkCode=ll1&tag=cubicalgolfer-20&language=en_US&ref_=as_li_ss_tl",""
"callaway-dawn-patrol","OK","~$10","$9.95","-1%","https://www.amazon.com/dp/B0CJGMTP8D?linkCode=ll1&tag=cubicalgolfer-20&language=en_US&ref_=as_li_ss_tl",""
"footjoy-raingrip","OK","~$28/pair","$28.00","+0%","https://www.amazon.com/dp/B0DCVZZZKM?linkCode=ll1&tag=cubicalgolfer-20&language=en_US&ref_=as_li_ss_tl",""
"arccos-caddie-sensors","OK","~$175 + $99/yr","$179.99","+3%","https://www.amazon.com/dp/B0DSVQ6BNR?linkCode=ll1&tag=cubicalgolfer-20&language=en_US&ref_=as_li_ss_tl",""
"rapsodo-mlm2pro","OK","~$599","$599.99","+0%","https://www.amazon.com/dp/B0BTPZMCSF?th=1&linkCode=ll2&tag=cubicalgolfer-20&linkId=bd3e785885d6c86f1cd5da966b8e57e4&language=en_US&ref_=as_li_ss_tl",""
"blast-motion-sensor","OK","~$150","$149.95","-0%","https://www.amazon.com/Blast-Analyzes-Highlights-Compatible-Technology/dp/B00UNFHKUK?crid=KDAFPPZX2G4L&dib_tag=se&keywords=Blast%2BMotion%2BSensor&qid=1785682045&sprefix=blast%2Bmotion%2Bsensor%2Caps%2C194&sr=8-2&linkCode=ll2&tag=cubicalgolfer-20&linkId=011cf9ee23c0ab94060616e2f785acc2&language=en_US&ref_=as_li_ss_tl",""
"swing-caddie-sc4-pro","NO_PRICE","~$599","","","https://www.amazon.com/dp/B0DK24YKBD?&linkCode=ll2&tag=cubicalgolfer-20&linkId=5c9ef5f218ddecbb1d865de38ae35fbb&language=en_US&ref_=as_li_ss_tl","no price in the buy box (variant-select pages land here too — eyeball before acting)"
"alignment-sticks","DRIFT","~$12","$9.99","-17%","https://www.amazon.com/GoSports-Golf-Alignment-Training-Sticks/dp/B0FD9QWW5N?linkCode=ll1&tag=cubicalgolfer-20&language=en_US&ref_=as_li_ss_tl","registry says ~$12, listing says $9.99"
"frogger-amphibian-towel","OK","~$30","$29.98","-0%","https://www.amazon.com/dp/B002KWC996?linkCode=ll1&tag=cubicalgolfer-20&language=en_US&ref_=as_li_ss_tl",""
"putting-mirror","OK","~$38","$37.95","-0%","https://www.amazon.com/dp/B0030F4JHM?linkCode=ll1&tag=cubicalgolfer-20&language=en_US&ref_=as_li_ss_tl",""
"impact-tape","OK","~$12","$12.88","+7%","https://www.amazon.com/dp/B0DJP8VZT8?linkCode=ll1&tag=cubicalgolfer-20&language=en_US&ref_=as_li_ss_tl",""
"eyeline-putting-cup","OK","~$15","$14.95","-0%","https://www.amazon.com/dp/B0017T92ZW?linkCode=ll1&tag=cubicalgolfer-20&language=en_US&ref_=as_li_ss_tl",""
"gustbuster-umbrella","OK","~$85","$82.83","-3%","https://www.amazon.com/dp/B0009GGIY2?linkCode=ll1&tag=cubicalgolfer-20&language=en_US&ref_=as_li_ss_tl",""
"cleveland-hb-soft-2","DRIFT","$142.60","$159.99","+12%","https://www.amazon.com/dp/B0CP9SPLK7?linkCode=ll1&tag=cubicalgolfer-20&language=en_US&ref_=as_li_ss_tl","registry says $142.60, listing says $159.99"
"taylormade-spider-tour","OK","~$350","$349.99","-0%","https://www.amazon.com/dp/B0D366DLTW?linkCode=ll1&tag=cubicalgolfer-20&language=en_US&ref_=as_li_ss_tl",""
"titleist-players-4","DRIFT","~$279","$199.99","-28%","https://www.amazon.com/dp/B0BX6XNNS8?linkCode=ll1&tag=cubicalgolfer-20&language=en_US&ref_=as_li_ss_tl","registry says ~$279, listing says $199.99"
"callaway-fairway-14","OK","~$250","$249.99","-0%","https://www.amazon.com/dp/B0CJ5XX57R?linkCode=ll1&tag=cubicalgolfer-20&language=en_US&ref_=as_li_ss_tl",""
"titleist-pro-v1x","OK","~$58/dz","$57.99","-0%","https://www.amazon.com/dp/B0DPN7DY4Y?linkCode=ll1&tag=cubicalgolfer-20&language=en_US&ref_=as_li_ss_tl",""
"footjoy-flex-xp","OK","~$70","$69.95","-0%","https://www.amazon.com/dp/B09Y2JGXPV?linkCode=ll1&tag=cubicalgolfer-20&language=en_US&ref_=as_li_ss_tl",""
"footjoy-tour-alpha","DRIFT","~$130","$149.95","+15%","https://www.amazon.com/dp/B0CF65RTZW?linkCode=ll1&tag=cubicalgolfer-20&language=en_US&ref_=as_li_ss_tl","registry says ~$130, listing says $149.95"
"garmin-approach-r10","OK","~$490","$489.50","-0%","https://www.amazon.com/dp/B095QX1FSR?linkCode=ll1&tag=cubicalgolfer-20&language=en_US&ref_=as_li_ss_tl",""
"flightscope-mevo-gen2","OK","~$1,299","$1,299.00","+0%","https://www.amazon.com/FlightScope-Mevo-Gen2-Parameters-Simulation/dp/B0G1ZRXTJ4?linkCode=ll1&tag=cubicalgolfer-20&language=en_US&ref_=as_li_ss_tl",""
"foresight-gcquad","OK","~$15,999","$14,779.13","-8%","https://www.amazon.com/dp/B0GKQNGSTX?linkCode=ll1&tag=cubicalgolfer-20&language=en_US&ref_=as_li_ss_tl",""
"srixon-q-star-tour","OK","~$40/dz","$39.99","-0%","https://www.amazon.com/dp/B0GP65HH3Z?linkCode=ll2&tag=cubicalgolfer-20&linkId=d14ce0198cd01d5a4175723b1b54cff3&language=en_US&ref_=as_li_ss_tl",""
"callaway-chrome-soft","OK","$44.99/dz","$47.99","+7%","https://www.amazon.com/dp/B0CJK2X7GK?linkCode=ll1&tag=cubicalgolfer-20&language=en_US&ref_=as_li_ss_tl",""
"titleist-tour-speed","DRIFT","~$35/dz","$27.90","-20%","https://www.amazon.com/dp/B0CVFH3BY1?linkCode=ll1&tag=cubicalgolfer-20&language=en_US&ref_=as_li_ss_tl","registry says ~$35/dz, listing says $27.90"
"taylormade-tour-response","OK","$37.50/dz","$37.50","+0%","https://www.amazon.com/dp/B0DG6PCC72?linkCode=ll1&tag=cubicalgolfer-20&language=en_US&ref_=as_li_ss_tl",""
"bridgestone-e12-straight","OK","$27.50/dz","$29.99","+9%","https://www.amazon.com/dp/B0DVXSBQRK?linkCode=ll1&tag=cubicalgolfer-20&language=en_US&ref_=as_li_ss_tl",""
"bridgestone-e12-contact","OK","$29.97/dz","$29.97","+0%","https://www.amazon.com/dp/B08VSB9SXM?linkCode=ll1&tag=cubicalgolfer-20&language=en_US&ref_=as_li_ss_tl",""
"spornia-spg-net","DRIFT","~$297","$349.99","+18%","https://www.amazon.com/Spornia-Spg-7-Golf-Practice-Net/dp/B07NHJSG3R?linkCode=ll1&tag=cubicalgolfer-20&language=en_US&ref_=as_li_ss_tl","registry says ~$297, listing says $349.99"
"benq-short-throw-projector","DRIFT","~$949","$849.00","-11%","https://www.amazon.com/dp/B076MHKTFH?linkCode=ll1&tag=cubicalgolfer-20&language=en_US&ref_=as_li_ss_tl","registry says ~$949, listing says $849.00"
"garmin-approach-r50","OK","~$4,999","$4,999.99","+0%","https://www.amazon.com/Garmin-Approach%C2%AE-Premium-Simulator-Touchscreen/dp/B0DM6NYRYN?linkCode=ll1&tag=cubicalgolfer-20&language=en_US&ref_=as_li_ss_tl",""
"resistance-bands-golf","DRIFT","~$25","$9.98","-60%","https://www.amazon.com/dp/B01AVDVHTI?th=1&linkCode=ll2&tag=cubicalgolfer-20&linkId=3c8e527ec9138ad1d9109fe705585ee0&language=en_US&ref_=as_li_ss_tl","registry says ~$25, listing says $9.98"
"putt-a-bout-putting-green","OK","~$45","$44.99","-0%","https://www.amazon.com/dp/B00BNFE764?linkCode=ll1&tag=cubicalgolfer-20&language=en_US&ref_=as_li_ss_tl",""
"wellputt-mat","OK","~$89","$89.00","+0%","https://www.amazon.com/dp/B0789WHQY8?linkCode=ll1&tag=cubicalgolfer-20&language=en_US&ref_=as_li_ss_tl",""
"superspeed-golf-set","OK","~$140","$139.99","-0%","https://www.amazon.com/dp/B073SZXD2Q?linkCode=ll1&tag=cubicalgolfer-20&language=en_US&ref_=as_li_ss_tl",""
"skechers-go-golf-elite-5","DRIFT","~$136","$110.92","-18%","https://www.amazon.com/dp/B0B4ZDD7Y2?linkCode=ll1&tag=cubicalgolfer-20&language=en_US&ref_=as_li_ss_tl","registry says ~$136, listing says $110.92"
"skechers-elite-vortex","OK","~$104","$97.75","-6%","https://www.amazon.com/dp/B0D7JVBYZZ?tag=cubicalgolfer-20",""
"ecco-biom-c4","OK","~$249","$249.00","+0%","https://www.amazon.com/dp/B0DT1JB6WS?linkCode=ll1&tag=cubicalgolfer-20&language=en_US&ref_=as_li_ss_tl",""
"pxg-allan-putter","BLOCKED","~$349","","","https://www.amazon.com/dp/B0C2K9FC8R/?tag=cubicalgolfer-20","Amazon served a robot check — nothing learned, re-run later"
"lazrus-zero-torque","BLOCKED","~$207","","","https://www.amazon.com/dp/B0CB7Q2NFY/?tag=cubicalgolfer-20","Amazon served a robot check — nothing learned, re-run later"
"golf-pride-mcc-plus4","OK","~$13/grip","$12.99","-0%","https://www.amazon.com/dp/B00SZFIXQ0?linkCode=ll1&tag=cubicalgolfer-20&language=en_US&ref_=as_li_ss_tl",""
"winn-dri-tac","OK","~$12/grip","$11.75","-2%","https://www.amazon.com/dp/B00FEID2OE?linkCode=ll1&tag=cubicalgolfer-20&language=en_US&ref_=as_li_ss_tl",""
"superstroke-zenergy-tour","OK","$34.99/grip","$34.99","+0%","https://www.amazon.com/dp/B0BXPZ3Z79?linkCode=ll1&tag=cubicalgolfer-20&language=en_US&ref_=as_li_ss_tl",""
"callaway-big-bertha-b21-irons","OK","~$799","$799.99","+0%","https://www.amazon.com/dp/B08BWHRV88?linkCode=ll1&tag=cubicalgolfer-20&language=en_US&ref_=as_li_ss_tl",""
"callaway-big-bertha","OK","~$349","$349.95","+0%","https://www.amazon.com/Callaway-Bertha-Graphite-Regular-Degrees/dp/B08BQDPPS9?crid=IJS2IOANMCC5&dib_tag=se&keywords=Callaway%2BBig%2BBertha%2BB21%2BDriver&qid=1785683140&sprefix=callaway%2Bbig%2Bbertha%2Bb21%2Bdriver%2Caps%2C328&sr=8-1&linkCode=ll2&tag=cubicalgolfer-20&linkId=2f05dd5820757ea6bcffff91881eaf33&language=en_US&ref_=as_li_ss_tl",""
"cleveland-huntington-beach","OK","~$124","$125.79","+1%","https://www.amazon.com/dp/B0CKX5K25H?linkCode=ll1&tag=cubicalgolfer-20&language=en_US&ref_=as_li_ss_tl",""
"cobra-ds-adapt-x-driver","OK","~$270","$269.95","-0%","https://www.amazon.com/dp/B0DC7Y2JHW?linkCode=ll1&tag=cubicalgolfer-20&language=en_US&ref_=as_li_ss_tl",""
"odyssey-tri-hot-5k","OK","~$200","$199.99","-0%","https://www.amazon.com/dp/B09KNW5YRZ?linkCode=ll1&tag=cubicalgolfer-20&language=en_US&ref_=as_li_ss_tl",""
"odyssey-two-ball-eleven","OK","~$300","$299.99","-0%","https://www.amazon.com/dp/B0B1LTHZ12?linkCode=ll1&tag=cubicalgolfer-20&language=en_US&ref_=as_li_ss_tl",""
"orange-whip-trainer","OK","~$120","$119.99","-0%","https://www.amazon.com/dp/B07HXTFD8D?linkCode=ll1&tag=cubicalgolfer-20&language=en_US&ref_=as_li_ss_tl",""
"taylormade-tp-soto","OK","~$200","$199.99","-0%","https://www.amazon.com/dp/B0CS4J28XK?linkCode=ll1&tag=cubicalgolfer-20&language=en_US&ref_=as_li_ss_tl",""
"gosports-hitting-net","DRIFT","~$76","$89.99","+18%","https://www.amazon.com/dp/B079JDQKV4?linkCode=ll1&tag=cubicalgolfer-20&language=en_US&ref_=as_li_ss_tl","registry says ~$76, listing says $89.99"
"scotty-cameron-phantom-x","NO_PRICE","~$500","","","https://www.amazon.com/dp/B0D8T6ZDWS?linkCode=ll1&tag=cubicalgolfer-20&language=en_US&ref_=as_li_ss_tl","no price in the buy box (variant-select pages land here too — eyeball before acting)"
"taylormade-spider-gt","OK","~$200","$199.99","-0%","https://www.amazon.com/dp/B09LZCVD4V?linkCode=ll1&tag=cubicalgolfer-20&language=en_US&ref_=as_li_ss_tl",""
"tour-striker-smart-ball","OK","~$47","$47.00","+0%","https://www.amazon.com/dp/B00II5RSR2?linkCode=ll1&tag=cubicalgolfer-20&language=en_US&ref_=as_li_ss_tl",""
"taylormade-noodle","OK","~$19/dz","$18.99","-0%","https://www.amazon.com/dp/B09F5FN7DT?linkCode=ll1&tag=cubicalgolfer-20&language=en_US&ref_=as_li_ss_tl",""
"wilson-duo-soft-plus","OK","$24.97/dz","$24.97","+0%","https://www.amazon.com/dp/B0DQ9R1YQF?linkCode=ll1&tag=cubicalgolfer-20&language=en_US&ref_=as_li_ss_tl",""
"titleist-trufeel","OK","~$25/dz","$24.97","-0%","https://www.amazon.com/dp/B0FY3QKQ16?linkCode=ll1&tag=cubicalgolfer-20&language=en_US&ref_=as_li_ss_tl",""
"vice-drive","OK","~$20/dz","$19.97","-0%","https://www.amazon.com/dp/B0D1W2VJSB?linkCode=ll1&tag=cubicalgolfer-20&language=en_US&ref_=as_li_ss_tl",""
"vice-pro-soft","DRIFT","~$35/dz","$38.97","+11%","https://www.amazon.com/dp/B08928QV8J?linkCode=ll1&tag=cubicalgolfer-20&language=en_US&ref_=as_li_ss_tl","registry says ~$35/dz, listing says $38.97"
"titleist-tour-soft","OK","~$40/dz","$39.97","-0%","https://www.amazon.com/dp/B0FY3PD3VM?linkCode=ll1&tag=cubicalgolfer-20&language=en_US&ref_=as_li_ss_tl",""
"titleist-velocity","DRIFT","~$25/dz","$29.97","+20%","https://www.amazon.com/dp/B0FY3Q4B8W?linkCode=ll1&tag=cubicalgolfer-20&language=en_US&ref_=as_li_ss_tl","registry says ~$25/dz, listing says $29.97"
"callaway-warbird","OK","~$22/dz","$21.97","-0%","https://www.amazon.com/dp/B0DHT6RVPZ?linkCode=ll1&tag=cubicalgolfer-20&language=en_US&ref_=as_li_ss_tl",""
"bridgestone-tour-b-rx","OK","~$40/dz","$39.97","-0%","https://www.amazon.com/dp/B0CSC3H5NW?linkCode=ll1&tag=cubicalgolfer-20&language=en_US&ref_=as_li_ss_tl",""
"kirkland-signature","DRIFT","~$22/dz","$43.89","+100%","https://www.amazon.com/Kirkland-Signature-Balls-3-Piece-Urethane/dp/B0C54GXFQ8?crid=3Q1JXH1PLNWPQ&dib_tag=se&keywords=Kirkland+Signature&qid=1785875018&sprefix=kirkland+signature%2Caps%2C202&sr=8-1&linkCode=ll2&tag=cubicalgolfer-20&linkId=0f56da124556c580ae93e0ca6d4d0169&language=en_US&ref_=as_li_ss_tl","registry says ~$22/dz, listing says $43.89"
"titleist-avx","DRIFT","~$45/dz","$49.99","+11%","https://www.amazon.com/dp/B0FY3Q2DLN?linkCode=ll1&tag=cubicalgolfer-20&language=en_US&ref_=as_li_ss_tl","registry says ~$45/dz, listing says $49.99"
"srixon-z-star","BLOCKED","~$40/dz","","","https://www.amazon.com/dp/B0BV6P2MNG?linkCode=ll1&tag=cubicalgolfer-20&language=en_US&ref_=as_li_ss_tl","Amazon served a robot check — nothing learned, re-run later"
"bridgestone-tour-b-xs","OK","~$55/dz","$54.99","-0%","https://www.amazon.com/dp/B0FNDQCW4N?linkCode=ll1&tag=cubicalgolfer-20&language=en_US&ref_=as_li_ss_tl",""
"vice-pro-plus","BLOCKED","~$35/dz","","","https://www.amazon.com/dp/B089W8NLZC?linkCode=ll1&tag=cubicalgolfer-20&language=en_US&ref_=as_li_ss_tl","Amazon served a robot check — nothing learned, re-run later"
"taylormade-tp5x","OK","$44.75/dz","$44.75","+0%","https://www.amazon.com/dp/B01N6TY9UA?linkCode=ll1&tag=cubicalgolfer-20&language=en_US&ref_=as_li_ss_tl",""
"bridgestone-tour-b-x","BLOCKED","$54.99/dz","","","https://www.amazon.com/dp/B0FNDM26LH?linkCode=ll1&tag=cubicalgolfer-20&language=en_US&ref_=as_li_ss_tl","Amazon served a robot check — nothing learned, re-run later"
"srixon-z-star-xv","BLOCKED","~$54/dz","","","https://www.amazon.com/dp/B0DSJP5GLF?linkCode=ll1&tag=cubicalgolfer-20&language=en_US&ref_=as_li_ss_tl","Amazon served a robot check — nothing learned, re-run later"
"wilson-chaos","BLOCKED","~$12/dz","","","https://www.amazon.com/dp/B0CQN3F2HW?linkCode=ll1&tag=cubicalgolfer-20&language=en_US&ref_=as_li_ss_tl","Amazon served a robot check — nothing learned, re-run later"
"pinnacle-rush","BLOCKED","~$22/dz","","","https://www.amazon.com/dp/B09V4FRPN6/?tag=cubicalgolfer-20","Amazon served a robot check — nothing learned, re-run later"
"odyssey-dfx","OK","~$170","$169.99","-0%","https://www.amazon.com/dp/B0DHSXRFVN?linkCode=ll1&tag=cubicalgolfer-20&language=en_US&ref_=as_li_ss_tl",""
"pinemeadow-pgx","BLOCKED","~$67","","","https://www.amazon.com/dp/B0CYR7CY99?linkCode=ll1&tag=cubicalgolfer-20&language=en_US&ref_=as_li_ss_tl","Amazon served a robot check — nothing learned, re-run later"
"wilson-staff-infinite","OK","~$140","$139.99","-0%","https://www.amazon.com/dp/B0CPT8TN5C?linkCode=ll1&tag=cubicalgolfer-20&language=en_US&ref_=as_li_ss_tl",""
"flightscope-mevo-plus","BLOCKED","~$1,839","","","https://www.amazon.com/dp/B0D8JWPNCZ?linkCode=ll1&tag=cubicalgolfer-20&language=en_US&ref_=as_li_ss_tl","Amazon served a robot check — nothing learned, re-run later"
"garmin-approach-s12","BLOCKED","~$199","","","https://www.amazon.com/Garmin-Approach-Preloaded-Courses-010-02472-00/dp/B08X1L2CDK?linkCode=ll1&tag=cubicalgolfer-20&language=en_US&ref_=as_li_ss_tl","Amazon served a robot check — nothing learned, re-run later"
"sklz-golf-grip-trainer","BLOCKED","~$18","","","https://www.amazon.com/dp/B015N2NX3A?&linkCode=ll2&tag=cubicalgolfer-20&linkId=b489f4543b205b5c27ef701b0697826c&language=en_US&ref_=as_li_ss_tl","Amazon served a robot check — nothing learned, re-run later"
"voice-caddie-sc200plus","BLOCKED","$209.99","","","https://www.amazon.com/dp/B07R8JV36B?linkCode=ll1&tag=cubicalgolfer-20&language=en_US&ref_=as_li_ss_tl","Amazon served a robot check — nothing learned, re-run later"
"shot-scope-lm1","BLOCKED","~$199","","","https://www.amazon.com/Shot-Scope-Portable-Launch-Monitor/dp/B0GP22ZYY5?linkCode=ll1&tag=cubicalgolfer-20&language=en_US&ref_=as_li_ss_tl","Amazon served a robot check — nothing learned, re-run later"
"kvv-electric-golf-cart","BLOCKED","~$1,119","","","https://www.amazon.com/dp/B0DGTQQGGG?linkCode=ll1&tag=cubicalgolfer-20&language=en_US&ref_=as_li_ss_tl","Amazon served a robot check — nothing learned, re-run later"
"alphard-cybercart","BLOCKED","~$1,379","","","https://www.amazon.com/dp/B0F4Z1GYKC?linkCode=ll1&tag=cubicalgolfer-20&language=en_US&ref_=as_li_ss_tl","Amazon served a robot check — nothing learned, re-run later"
"kvv-push-cart","BLOCKED","~$189","","","https://www.amazon.com/dp/B08FJ5P32D?linkCode=ll1&tag=cubicalgolfer-20&language=en_US&ref_=as_li_ss_tl","Amazon served a robot check — nothing learned, re-run later"
"bag-boy-nitron","BLOCKED","~$310","","","https://www.amazon.com/dp/B0FM2W8M21?linkCode=ll1&tag=cubicalgolfer-20&language=en_US&ref_=as_li_ss_tl","Amazon served a robot check — nothing learned, re-run later"
"clicgear-model-45","BLOCKED","~$339","","","https://www.amazon.com/dp/B0GKDVW733?linkCode=ll1&tag=cubicalgolfer-20&language=en_US&ref_=as_li_ss_tl","Amazon served a robot check — nothing learned, re-run later"
"caddytek-ez-v8","BLOCKED","~$209","","","https://www.amazon.com/dp/B07DSXGLN5?linkCode=ll1&tag=cubicalgolfer-20&language=en_US&ref_=as_li_ss_tl","Amazon served a robot check — nothing learned, re-run later"
"golf-pride-z-grip","OK","~$13","$12.99","-0%","https://www.amazon.com/dp/B006X6QBZS?linkCode=ll1&tag=cubicalgolfer-20&language=en_US&ref_=as_li_ss_tl",""
"country-club-elite-mat","BLOCKED","~$599","","","https://www.amazon.com/dp/B0048GP25U?linkCode=ll1&tag=cubicalgolfer-20&language=en_US&ref_=as_li_ss_tl","Amazon served a robot check — nothing learned, re-run later"
"homecourse-retractable-screen","BLOCKED","~$599","","","https://www.amazon.com/dp/B09WR1P9S3/?tag=cubicalgolfer-20","Amazon served a robot check — nothing learned, re-run later"
"optoma-zw350st","BLOCKED","~$823","","","https://www.amazon.com/Optoma-ZW350ST-Technology-Short-Throw-Projector/dp/B0D9HW1XVY?linkCode=ll1&tag=cubicalgolfer-20&language=en_US&ref_=as_li_ss_tl","Amazon served a robot check — nothing learned, re-run later"
"optoma-gt2000hdr","BLOCKED","~$1,199","","","https://www.amazon.com/Optoma-GT2000HDR-Compact-Theater-Projector/dp/B0C5BBCXRK?linkCode=ll1&tag=cubicalgolfer-20&language=en_US&ref_=as_li_ss_tl","Amazon served a robot check — nothing learned, re-run later"
"bag-boy-volt-electric","BLOCKED","~$1,400","","","https://www.amazon.com/dp/B0CSG3VJYG?linkCode=ll1&tag=cubicalgolfer-20&language=en_US&ref_=as_li_ss_tl","Amazon served a robot check — nothing learned, re-run later"
"mgi-zip-navigator","BLOCKED","~$1,695","","","https://www.amazon.com/dp/B0CTLQFN7C?linkCode=ll1&tag=cubicalgolfer-20&language=en_US&ref_=as_li_ss_tl","Amazon served a robot check — nothing learned, re-run later"
"galvin-green-rain-jacket","BLOCKED","~$233","","","https://www.amazon.com/dp/B0CHS9LJG9?linkCode=ll1&tag=cubicalgolfer-20&language=en_US&ref_=as_li_ss_tl","Amazon served a robot check — nothing learned, re-run later"
"oakley-prizm-golf","OK","$184.00","$184.00","+0%","https://www.amazon.com/dp/B07Y2X9DH2?linkCode=ll1&tag=cubicalgolfer-20&language=en_US&ref_=as_li_ss_tl",""
"tifosi-seek-fc","BLOCKED","~$40","","","https://www.amazon.com/dp/B0BQCKJSNX?linkCode=ll1&tag=cubicalgolfer-20&language=en_US&ref_=as_li_ss_tl","Amazon served a robot check — nothing learned, re-run later"
"cleveland-launcher-xl-senior","BLOCKED","~$644","","","https://www.amazon.com/dp/B099FK4V3D?linkCode=ll1&tag=cubicalgolfer-20&language=en_US&ref_=as_li_ss_tl","Amazon served a robot check — nothing learned, re-run later"
"nikon-coolshot-50i","BLOCKED","~$247","","","https://www.amazon.com/dp/B0DVMJYQ4X?linkCode=ll1&tag=cubicalgolfer-20&language=en_US&ref_=as_li_ss_tl","Amazon served a robot check — nothing learned, re-run later"
"callaway-300-pro","BLOCKED","~$197","","","https://www.amazon.com/dp/B01KP195PY?linkCode=ll1&tag=cubicalgolfer-20&language=en_US&ref_=as_li_ss_tl","Amazon served a robot check — nothing learned, re-run later"
"garmin-approach-s70","BLOCKED","$654.99","","","https://www.amazon.com/dp/B0CBW67NLW?linkCode=ll1&tag=cubicalgolfer-20&language=en_US&ref_=as_li_ss_tl","Amazon served a robot check — nothing learned, re-run later"
"titleist-gt2-driver","BLOCKED","~$588","","","https://www.amazon.com/dp/B0DHWNVBK8?linkCode=ll1&tag=cubicalgolfer-20&language=en_US&ref_=as_li_ss_tl","Amazon served a robot check — nothing learned, re-run later"
"taylormade-sim2-max","BLOCKED","~$349","","","https://www.amazon.com/TaylorMade-Driver-Graphite-Degree-Ventus/dp/B08QSKHMQG?th=1&linkCode=ll2&tag=cubicalgolfer-20&linkId=e3c2025b714f5401fe1503827bb320bf&language=en_US&ref_=as_li_ss_tl","Amazon served a robot check — nothing learned, re-run later"
"cleveland-launcher-xl2-driver","BLOCKED","~$299","","","https://www.amazon.com/Cleveland-Golf-Launcher-Graphite-Regular/dp/B0CP9WFMJW?crid=1LMWKUO4CG20Q&dib_tag=se&keywords=Cleveland%2BLauncher%2BXL2&qid=1785683001&sprefix=cleveland%2Blauncher%2Bxl2%2Caps%2C219&sr=8-1&th=1&linkCode=ll2&tag=cubicalgolfer-20&linkId=b3cd6c7f0d39405e7cb6e120cccb8c88&language=en_US&ref_=as_li_ss_tl","Amazon served a robot check — nothing learned, re-run later"
"apple-watch-ultra-golf","BLOCKED","from ~$399","","","https://www.amazon.com/dp/B0CTD9KQTB?linkCode=ll1&tag=cubicalgolfer-20&language=en_US&ref_=as_li_ss_tl","Amazon served a robot check — nothing learned, re-run later"
"spornia-spg-7","BLOCKED","~$350","","","https://www.amazon.com/dp/B079P7WZPH?linkCode=ll1&tag=cubicalgolfer-20&language=en_US&ref_=as_li_ss_tl","Amazon served a robot check — nothing learned, re-run later"
"callaway-paradym-hybrid","BLOCKED","~$220","","","https://www.amazon.com/dp/B0FVB4WKLJ?linkCode=ll1&tag=cubicalgolfer-20&language=en_US&ref_=as_li_ss_tl","Amazon served a robot check — nothing learned, re-run later"
"nike-dri-fit-victory-polo","BLOCKED","~$47","","","https://www.amazon.com/dp/B07RYBFRM1?linkCode=ll1&tag=cubicalgolfer-20&language=en_US&ref_=as_li_ss_tl","Amazon served a robot check — nothing learned, re-run later"
"adidas-ultimate365-polo","DRIFT","~$49","$70.00","+43%","https://www.amazon.com/dp/B0C7KKFPDH?linkCode=ll1&tag=cubicalgolfer-20&language=en_US&ref_=as_li_ss_tl","registry says ~$49, listing says $70.00"
"adidas-ultimate365-pants","DRIFT","~$54","$90.00","+67%","https://www.amazon.com/dp/B0FDSMQ9V9?linkCode=ll1&tag=cubicalgolfer-20&language=en_US&ref_=as_li_ss_tl","registry says ~$54, listing says $90.00"
"titleist-tour-performance-hat","BLOCKED","~$35","","","https://www.amazon.com/dp/B0DSGMZT8R?linkCode=ll1&tag=cubicalgolfer-20&language=en_US&ref_=as_li_ss_tl","Amazon served a robot check — nothing learned, re-run later"
"maui-jim-banyans-golf","BLOCKED","~$249","","","https://www.amazon.com/dp/B002FU6UKW?linkCode=ll1&tag=cubicalgolfer-20&language=en_US&ref_=as_li_ss_tl","Amazon served a robot check — nothing learned, re-run later"
"goodr-golf-sunglasses","BLOCKED","~$30","","","https://www.amazon.com/dp/B0FGFPLQFH?linkCode=ll1&tag=cubicalgolfer-20&language=en_US&ref_=as_li_ss_tl","Amazon served a robot check — nothing learned, re-run later"
"under-armour-forefront-rain-jacket","BLOCKED","$59.97","","","https://www.amazon.com/dp/B078BSYZBH?linkCode=ll1&tag=cubicalgolfer-20&language=en_US&ref_=as_li_ss_tl","Amazon served a robot check — nothing learned, re-run later"
"club-glove-microfiber-towel","BLOCKED","~$22","","","https://www.amazon.com/dp/B0D6SJTCV2?linkCode=ll1&tag=cubicalgolfer-20&language=en_US&ref_=as_li_ss_tl","Amazon served a robot check — nothing learned, re-run later"
"callaway-org-14-cart-bag","BLOCKED","~$265","","","https://www.amazon.com/dp/B0D9R3B5HT?linkCode=ll1&tag=cubicalgolfer-20&language=en_US&ref_=as_li_ss_tl","Amazon served a robot check — nothing learned, re-run later"
"ogio-fuse-stand-bag","BLOCKED","~$170","","","https://www.amazon.com/dp/B0D9R3RZST?linkCode=ll1&tag=cubicalgolfer-20&language=en_US&ref_=as_li_ss_tl","Amazon served a robot check — nothing learned, re-run later"
"tour-edge-hot-launch-max-driver","OK","~$300","$279.95","-7%","https://www.amazon.com/dp/B0GR1FGV4J?tag=cubicalgolfer-20",""
"bushnell-pro-x3","BLOCKED","~$479","","","https://www.amazon.com/dp/B0D6GVX8JZ?tag=cubicalgolfer-20","Amazon served a robot check — nothing learned, re-run later"
"bushnell-wingman-mini","BLOCKED","~$90","","","https://www.amazon.com/dp/B0C6CTMVJS?linkCode=ll1&tag=cubicalgolfer-20&language=en_US&ref_=as_li_ss_tl","Amazon served a robot check — nothing learned, re-run later"
"bushnell-wingman-2","DRIFT","~$140","$164.99","+18%","https://www.amazon.com/dp/B0CZ7M97D5?linkCode=ll1&tag=cubicalgolfer-20&language=en_US&ref_=as_li_ss_tl","registry says ~$140, listing says $164.99"
"bushnell-wingman-view","BLOCKED","~$200","","","https://www.amazon.com/dp/B0C4TP5FN2?linkCode=ll1&tag=cubicalgolfer-20&language=en_US&ref_=as_li_ss_tl","Amazon served a robot check — nothing learned, re-run later"
"blue-tees-player-pro","OK","~$200","$199.98","-0%","https://www.amazon.com/dp/B0GS38DYWC?linkCode=ll1&tag=cubicalgolfer-20&language=en_US&ref_=as_li_ss_tl",""
"golfbuddy-voice-2s-plus","BLOCKED","~$85","","","https://www.amazon.com/dp/B08BTB2H2Y?linkCode=ll1&tag=cubicalgolfer-20&language=en_US&ref_=as_li_ss_tl","Amazon served a robot check — nothing learned, re-run later"
"turtlebox-ranger","BLOCKED","~$250","","","https://www.amazon.com/dp/B0F2JHSGCJ?linkCode=ll1&tag=cubicalgolfer-20&language=en_US&ref_=as_li_ss_tl","Amazon served a robot check — nothing learned, re-run later"
"turtlebox-original-gen3","BLOCKED","~$430","","","https://www.amazon.com/dp/B0F22HTHMJ?linkCode=ll1&tag=cubicalgolfer-20&language=en_US&ref_=as_li_ss_tl","Amazon served a robot check — nothing learned, re-run later"
"wilson-dynapower-irons","BLOCKED","~$600","","","https://www.amazon.com/dp/B0BT26B16M?linkCode=ll1&tag=cubicalgolfer-20&language=en_US&ref_=as_li_ss_tl","Amazon served a robot check — nothing learned, re-run later"